BARRA;PRODUCTO;FAM;DESCPROD;LABORATORIO;FECLOTE;NETO;PEDIDO;TOTAL NETO;SALDO
0;003ALIM;ALIM;WHEY PROTEIN 1KG  FRUTILLA CREMA 100% WHEY                  ;SCL;oct-26;$31.380;;$0;1
0;004ALIM;ALIM;WHEY PROTEIN 1KG  VAINILLA 100% WHEY                        ;SCL;feb-27;$31.068;;$0;1
3282779003131;108DERM;DERMO;AVENE AGUA TERMAL 300 ML;AVENE;may-29;$19.439;;$0;2
0;220DERM;DERMO;ISDIN REPARADOR LABIAL STICK 4G. CON ACIDO HIALURONICO;ISDIN;jul-27;$5.675;;$0;5
7800063000312;AERPEDMF;DM;AEROCAMARA UNIVER. PED-AD;MINTLAB;mar-29;$2.037;;$0;31
7800045000910;952DMF;DM;ALCOHOL GEL 70% 60 ML [ELITE] [DM];ELITE;abr-27;$1.550;;$0;6
0;191DMF;DM;CETAPHIL PRO AC CREAM FPS30 118ML;GALDERMA;feb-27;$19.439;;$0;1
3499320012492;190DMF;DM;CETAPHIL PRO AR CALM CONTROL CREMA CON COLOR HIDRATANTE DÍA FPS 30 X TUBO 50 ML;CETAPHIL;nov-27;$986;;$0;20
7801000262008;027DMF;DM;DICHLOREXAN 2% SOL ACUOSA X 500 CC;DIFEM;dic-26;$8.838;;$0;6
7806130008885;2021DMF;DM;GUANTE EX. NITRILO L-P AZUL TRESOR XL  X 100 ;TRESOR;abr-29;$2.852;;$0;8
7806130008854;2006DMF;DM;GUANTE NITRILO AZUL TALLA  S X100 U;TRESOR;jul-29;$2.931;;$0;3
7806130008878;2004DMF;DM;GUANTE NITRILO AZUL TALLA L X100 U.;TRESOR;jul-29;$3.078;;$0;3
43D9CCICKBF4BM;2001DMF;DM;GUANTE VINILO TALLA L X100U.;TRESOR;abr-29;$2.245;;$0;1
43D9CCICKBF4BQ;2003DMF;DM;GUANTE VINILO TALLA S X100U.;TRESOR;mar-28;$1.843;;$0;16
7805633008927;JER3MLDMF;DM;JER. MUNCARE  L LOCK 3ML 21GX1-1-2;MUNNICH PHARMA MEDICAL SPA;mar-28;$43;;$0;7000
7805633008903;JER10MLDMF;DM;JER. MUNCARE  L SLIP 10ML 21GX1-1-2;MUNCARE;jun-29;$64;;$0;1500
7805633008910;JER20MLDMF;DM;JER. MUNCARE  L SLIP 20ML 21GX1-1-2;MUNNICH PHARMA MEDICAL SPA;dic-27;$79;;$0;330
7805633008880;JER5MLDMF;DM;JER. MUNCARE  L SLIP 5ML 21GX1-1-2;MUNNICH PHARMA MEDICAL SPA;dic-27;$41;;$0;5777
7804918402405;2020DMF;DM;LIFESTYLES SKYN EXT.LUB X 3;LIFESTYLES;jun-28;$2.688;;$0;13
7804918450178;2009DMF;DM;LIFESTYLES STUDDED ROUGH RIDER 12 UN. ;LIFESTYLES;ago-28;$4.088;;$0;12
7804918450031;211105500DMF;DM;LIFESTYLES STUDDED ROUGH RIDER X3;LIFESTYLES;oct-28;$1.168;;$0;199
7804918450154;2008DMF;DM;LIFESTYLES ULTRA SENSIBLE LUBR. 12 UN. ;LIFESTYLES;oct-28;$3.625;;$0;7
7804918450017;211105300DMF;DM;LIFESTYLES ULTRA SENSIBLE NUDA X3;LIFESTYLES;mar-29;$1.388;;$0;57
7804918450165;PERF100;DM;LIFESTYLES VIBRA-RIBBED STIMULA X12;LIFESTYLES;dic-28;$3.625;;$0;11
7804918450024;211105401DMF;DM;LIFESTYLES VIBRA-RIBBED STIMULA X3;LIFESTYLES;dic-28;$1.263;;$0;69
95Z51631114627;111DMF;DM;MASCARILLA 3 PLIEGUES CELESTE X50U CRANBERRY;CRANBERRY;jun-27;$1.207;;$0;140
0;20CCRDMF;DM;MASCARILLA X50U 3 PLIEGUES CELESTE;U HEALTH;jul-29;$1.207;;$0;60
0;025DMF;DM;MAYON ULTRA CRE ADHE X 40 GR;FARMODENTAL;dic-27;$4.438;;$0;4
4005900542557;950DMF;DM;NIVEA WOMEN INVISIBLE BLACK & WHITE GOLD DESOD. ROLL-ON 50ML;NIVEA;feb-27;$2.563;;$0;2
#N/D;238326900DMF;DM;OXIMETRO DE PULSO LOVELIFE;I AM PRODUCT SPA;jun-27;$11.388;;$0;1
7805633012818;128746100DMF;DM;PAÑUELO FAMILY SETX 18 UNID;FAMILY SET;dic-30;$1.611;;$0;47
7702136645003;200GE1100DMF;DM;PARCHE CUREBAND X100;ADHINTER;jun-28;$1.039;;$0;92
0;10GDMF;DM;PASTA LASSAR 50 G.;VALMA;dic-26;$1.638;;$0;10
0;006DMF;DM;PHB PLUS ORTHODONTIC CEPILLO;DENTAID;oct-29;$3.078;;$0;1
780476070144;200267902DMF;DM;PRESERVATIVO SENSORPLUS EXTRA RESISTENTE;SENSOR PLUS;jul-29;$567;;$0;282
7804676070069;200267906DMF;DM;PRESERVATIVO SENSORPLUS X 3 UN TRES SABORES;SENSOR PLUS;may-28;$567;;$0;288
7804676070076;200267905DMF;DM;PRESERVATIVO SENSORPLUS X 3UNI ULTRA SENSIBLE;SENSOR PLUS;jul-29;$567;;$0;285
7804676070045;021DMF;DM;PRESERVATIVO SENSORPLUS X 3UNI. DOTTED;SENSOR PLUS;may-28;$567;;$0;282
7800038000859;501DMF;DM;REPELEX RESFRESCANTE POST PICADURAS GEL 15 ML;REPELEX;sept-27;$1.988;;$0;10
7805633018353;10003DMF;DM;TERMOMETRO DIGITAL F.SET ;FAMILY SET;abr-29;$1.438;;$0;138
7804676070014;105DMF;DM;TEST DE EMBARAZO ONE TEST CASETTE;ONE TEST;jun-27;$331;;$0;2100
7800060005723;100D08;FAR;AB ANTISEPTICO(AB CLORHEXIDINA) 12 COMP MAST;LABORATORIO SAVAL S.A.;may-26;$2.388;;$0;170
4104480705199;10G025510R05;FAR;ABRILAR JBE 35MG-5ML 100ML;PHARMA INVESTI;sept-26;$4.219;;$0;653
7800063110493;000003;FAR;AC. MEFENAMICO 500MGX10 COMP (MINTLAB);MEDICAL INTERNATIONAL LABORATORIES CORPORATION S.A.;mar-29;$366;;$0;138
0;1000J01;FAR;ACICLOVIR  200 MG 25 COMP.(LAB CHILE);LABORATORIO CHILE S.A.;nov-26;$2.268;;$0;4
7804673040393;1000001ABJ05;FAR;ACICLOVIR 400MGX35 COMP BE;CURAESPRING;ene-27;$2.228;;$0;194
0;1300N03;FAR;ACIDO VALPROICO 200 MG X 30 COMP;ANDROMACO;nov-25;$5.649;;$0;2
7793640992530;10GE13518M01;FAR;ACTRON 400MGX10 CAPS;BAYER;jun-26;$1.835;;$0;80
7793640216100;1007AM01;FAR;ACTRON 600 MG 10 CAPS.BDAS.;BAYER;jun-26;$3.180;;$0;54
7804620835492;1T0055118N02;FAR;ALIVIDOL 1GRX20 COMP.(opko);OPKO;feb-26;$1.199;;$0;230
7800063110707;100BC01;FAR;AMIODARONA HCL [BE] 200 MG X 20 COMP (MINTLAB);MINTLAB;ago-27;$2.382;;$0;6
7800007114525;106AN06;FAR;AMITRIPTILINA  25 MG 24 COMP.REC.;LAB CHILE;jul-26;$1.345;;$0;1
7800007114440;103AN06;FAR;AMITRIPTILINA 25 MG 100 COMP.REC.;LAB CHILE;oct-27;$3.097;;$0;2
7804620834914;000221;FAR;AMLODIPINO  5 MG X  30 COMP.(OPKO);OPKO;oct-27;$460;;$0;140
0;000812;FAR;AMLODIPINO 10 MG X 30 COMP.(ASCEND);ASCEND LABORATORIES SPA;feb-26;$564;;$0;6
7800063112022;100073818C08;FAR;AMLODIPINO 10MGX30 COMP (MINTLAB);MINTLAB;sept-26;$444;;$0;70
7800063116600;10G041718C08;FAR;AMLODIPINO 5MGX30 COMP BE.(MINTLAB);MINTLAB;jun-27;$496;;$0;135
7804673040065;200J01;FAR;AMOXICILINA 250MG-5ML SUSP 60ML;CURAESPRING;mar-26;$780;;$0;151
7804620833412;100455610J01;FAR;AMOXICILINA 500MG JBE60ML;OPKO;abr-26;$1.309;;$0;1715
7804673040409;100350J01;FAR;AMOXICILINA 500MGX21 CAP (CURAESPRING);CURAESPRING;abr-27;$1.057;;$0;1835
7800063110547;100GE3418J01;FAR;AMOXICILINA 750MGX10 COMP.(MINTLAB);MINTLAB;abr-29;$1.228;;$0;80
7804620833900;000724;FAR;AMOXICILINA+A.CLAVULANICO [BE] [500+125] MG 20 COMP.REC.(OPKO);OPKO;ago-26;$3.838;;$0;37
7804620833535;100000002J01;FAR;AMOXICILINA+A.CLAVULANICO [BE] [875+125] MG 14 COM.REC.(OPKO);OPKO;sept-26;$4.548;;$0;26
7804900000961;000253;FAR;ANACIN CLASICO X32 COMP;GSK;ene-27;$2.626;;$0;72
7804900000947;000252;FAR;ANACIN MAX X32 COMP;GSK;ene-27;$3.064;;$0;72
7804900000930;102M01;FAR;ANACIN MAX X8 COMP;GSK;ene-27;$948;;$0;40
7795373002319;1003D11;FAR;ANAGEN 5% ESP.DERM.60 G.;CASSARA;abr-26;$13.884;;$0;2
8903726184233;000707;FAR;ANASTROZOL 1 MG X 30 COMP. REC.;SEVEN PHARMA;ene-27;$5.808;;$0;8
7800018188317;100417118G03;FAR;ANOVULATORIOS MICRO 21 COMP;ANDROMACO;abr-26;$990;;$0;59
7800060130647;100229018A02;FAR;ANTIAX X6 COMP MAST;SAVAL;dic-26;$1.003;;$0;80
0;102AN05;FAR;ANZAP OLANZAPINA 10 MG X 30 COMP. REC.;ASCEND LABORATORIES SPA;jul-26;$7.494;;$0;2
7803504005808;100013323M02;FAR;ARNIKADERM 10% GEL 50G;KNOP;nov-26;$3.780;;$0;33
0;210BN02;FAR;ASAX JBE 10MG/1ML X 60 ML;PASTEUR;jun-26;$8.072;;$0;1
650240007828;000293;FAR;ASEPXIA AZUFRE JABON EN BARRA 100 G;LATAM;mar-27;$3.913;;$0;7
650240035401;000300;FAR;ASEPXIA CARBON DETOX JABON 100 G.;LATAM;ene-28;$4.188;;$0;7
7793640216537;100241618B01;FAR;ASPIRINA 100MGX98 COMP;BAYER;jul-27;$5.016;;$0;80
7793640211259;100245618N02;FAR;ASPIRINA 500MGX100 COMP;BAYER;nov-27;$4.325;;$0;119
7804650881520;104AC10;FAR;ATORVASTATINA 80MG 30COMP BE;ASCEND;dic-26;$4.308;;$0;7
7804640561364;000847;FAR;AZITROMICINA 200 MG - 5 ML SUSP. ORAL X 30 ML(hospifarma);HOSPIFARMA;abr-27;$3.247;;$0;2
7800063001647;100301618J01;FAR;AZITROMICINA 500MG X 6COMP.(MINTLAB);MINTLAB;feb-26;$1.159;;$0;468
7800063160085;100172723D06;FAR;BACITRACINA+NEOMICINA UNG 15GR.(MINTLAB);MINTLAB;may-28;$794;;$0;76
7800028001873;10001C01;FAR;BAGOMIGRAL COM.2.5MG.;BAGO;oct-26;$8.256;;$0;57
7803501004057;1ET505029M09;FAR;BEAUTIP-D 30SATCHET (Ca-COLG-Mg-VITD);ARAMA;mar-26;$8.125;;$0;16
7800068014147;1010M01;FAR;BEDIATIL FORTE 200 MG-5ML S.O. 100 ML (IBUPROFENO);PASTEUR;feb-26;$2.352;;$0;10
7805750110435;100443423M02;FAR;BEPANTHOL UNG 30G;BAYER;oct-26;$3.128;;$0;100
7793640992677;1000D03;FAR;BEPHANTOL REGENADORA  30 G;BAYER;jul-26;$3.598;;$0;3
7800007143112;160D07;FAR;BETAMETASONA 0,05 % CR. X 15 G (LCH);LAB CHILE;ene-28;$736;;$0;6
7800007155986;1000D07;FAR;BETAMETASONA 0,05% X 15G UNG.(LCH);LAB CHILE;abr-26;$1.723;;$0;2
7804673040256;000825;FAR;BETAMETASONA CR 0,05% 15 GR.(CURAESPRING);CURAESPRING;ago-27;$300;;$0;1247
7891317006396;101CN07;FAR;BETINA 16 MG 30 COMP. [BE];EUROFARMA;mar-26;$13.140;;$0;17
0;132AR06;FAR;BEVITEX FORTE 10 MG / ML SOL. GTS. ORAL X 20 ML;PRATER;ago-26;$2.034;;$0;3
737186233112;101CA12;FAR;BISGLICINATO DE MAGNESIO X 90 CAPS;CNP;nov-26;$6.300;;$0;1
3664798040579;100229510R05;FAR;BISOLVON JBE AD 8MG-5ML 125 ML;EUROFARMA;ago-26;$2.615;;$0;94
7800058535379;100254810R05;FAR;BISOLVON JBE INF 125 ML;SANOFI-AVENTIS;abr-26;$2.683;;$0;153
7800046005259;104AC07;FAR;BISOPRIL 1,25 MG 30 COMP.REC.;EUROFARMA;sept-26;$3.329;;$0;4
7804673040324;100AC07;FAR;BISOPROLOL 2,5 MG X 30 COMP (CURAESPRING);CURAESPRING;jun-26;$1.548;;$0;182
0;000506;FAR;BISOPROLOL 2,5 MG X 30 COMP.( LAB CHILE);CHILE;nov-26;$1.938;;$0;7
7804673040331;101AC07;FAR;BISOPROLOL 5MG X 30 COMP.(CURAESPRING);CURAESPRING;jun-26;$2.028;;$0;466
0;000848;FAR;BISOPROLOL FUMARATO 5 MG X 30 COMP. REC.;ASCEND LABORATORIES SPA;mar-27;$3.408;;$0;1
7800008020023;10G018623D06;FAR;BLISTEX CR LAB MED 6GR;SYNTHON CHILE LTDA;oct-26;$1.344;;$0;1459
7800063001524;100395810R05;FAR;BROMFIN JBE 8MG-5ML 100ML;MINTLAB;ene-27;$2.241;;$0;123
8903831007588;000239;FAR;BROMHEXINA JBE. 4MG;OPKO;dic-25;$840;;$0;101
0;110CR05;FAR;BRONCOTUSILAN 250 MG/5ML SOLUCION ORAL ADULTO 120 ML (CARBOCISTEINA);PASTEUR;oct-27;$4.428;;$0;3
7800038041371;100308110R05;FAR;BRONTAL JBE IF 100ML;INSTITUTO SANITAS;ago-26;$3.912;;$0;61
7800063330648;100224810R05;FAR;BRONTEC 35MG-5ML 100ML;MINTLAB;feb-27;$1.704;;$0;677
7800063310862;100001118D08;FAR;BUCOGERM 10 COMP;MINTLAB;jun-28;$1.092;;$0;93
7800007804402;180440218M01;FAR;BURTEN 30MG SL X2 COMP;LAB CHILE;jul-26;$3.136;;$0;20
7793640211464;100022618N02;FAR;CAFIASPIRINA X100 COMP;BAYER;oct-26;$4.660;;$0;40
0;101AA01;FAR;CALMATOL JBE 60 ML;FARMOQUIMICA;oct-26;$5.350;;$0;1
310742006247;100215823M02;FAR;CALORUB FTE POMO 35GR;DROGUERIA HOFMANN;nov-26;$3.213;;$0;80
310742006230;100181723M02;FAR;CALORUB NVA FORMULA POMO 35GR;MAVER;ene-27;$2.989;;$0;67
7891106000185;100027027D01;FAR;CANESTEN 1% CR 20GR;BAYER;mar-26;$2.293;;$0;9
7800044000126;141100218A07;FAR;CARBON SULFAGUANIDINA 20COMP;VALMA LTDA.;dic-27;$1.226;;$0;168
7793640992615;1111B01;FAR;CARDIOASPIRINA 100EC X20 COMP;BAYER;ago-26;$3.116;;$0;76
0;000524;FAR;CARDIOASPIRINA-100EC 100 MG 20 COMP;BAYER ;ago-26;$3.660;;$0;1
7800007804198;100372118C07;FAR;CARVEDILOL 12,5MG 30COMP BE;LAB CHILE;mar-26;$1.116;;$0;60
7800018129235;10G052410J01;FAR;CEFADROXILO JBE 250MG-5ML  60ML.(ANDROMACO);ANDROMACO;abr-26;$3.108;;$0;19
7800038041210;002N02;FAR;CEFALMIN 10 COMP;SANITAS;sept-26;$767;;$0;1259
7804673040126;1PV021018M01;FAR;CELECOXIB 200 MG 10 CAP;CURASPRING;jun-27;$612;;$0;457
7804900000794;127453418A11;FAR;CENTRUM HOMBRE 30 COMP REC;GLAXOSMITHKLINE;jun-26;$6.748;;$0;137
7804900000763;100453318A11;FAR;CENTRUM MINI X 30 COMP.;GSK;feb-26;$5.064;;$0;35
7804900000817;127453618A11;FAR;CENTRUM MUJER 30 COMP REC;GSK;nov-26;$6.018;;$0;36
7804900000824;180A11;FAR;CENTRUM MUJER X 60 COMP. REC.;GLAXOSMITHKLINE;ago-26;$15.330;;$0;17
7804900000411;199453318A11;FAR;CENTRUM MULTIVITAMINICO 30COM;GSK;feb-26;$4.645;;$0;17
7804900000831;108AA11;FAR;CENTRUM SILVER X 30 COMP REC;GSK;nov-26;$8.280;;$0;53
7800007746320;101M03;FAR;CICLOBENZAPRINA 10MGX20 COMP.(LAB CHILE);LAB CHILE;oct-26;$485;;$0;164
7800063110639;10G053118J01;FAR;CIPROFLOXACINO 500MGX6 COMP BE.(MINTLAB);MINTLAB;mar-29;$389;;$0;300
7800063000404;1001N06;FAR;CITALOPRAM 20MG X 30 COMP;MINTLAB;ene-28;$1.188;;$0;3
0;220BA12;FAR;CITRATO DE MAGNESIO 400 MG 30 CAPS;LABORATORIO SCL SPA;nov-26;$2.028;;$0;2
7804918402054;10G019418D08;FAR;CLARAGINE 16 COMP;PRATER;dic-25;$999;;$0;595
7800041040873;100GE3818J01;FAR;CLARITROMICINA 500MGX14 COMP;CHEMOPHARMA SA;jul-26;$2.820;;$0;48
7891317120566;000026;FAR;CLAVAM DUO 875mg + 125mg Comp. Rec. x 14(eurofarma);EUROFARMA;abr-26;$5.670;;$0;9
0;100458623D07;FAR;CLOBETASOL 0,05% CR 25GR;OPKO CHILE S.A.;jun-27;$665;;$0;6
7804640560411;100281123D07;FAR;CLOBETASOL 0,05% CR 25GR.(hospifarma);HOSPIFARMA;jul-27;$605;;$0;44
7800063110684;001;FAR;CLONIXINATO DE LISINA 125MGX10 COMP (MINTLAB);MILAB;jun-28;$661;;$0;4810
0;1050B01;FAR;CLOPIDOGREL 75 MG X 30 COMP. REC.;LABORATORIO CHILE S.A.;jul-27;$2.394;;$0;1
7804620834648;100453115S01;FAR;CLORANFENICOL 0,5%  SOL OFT 10ML;OPKO;feb-26;$719;;$0;229
7804640560107;000270;FAR;CLORANFENICOL UNGÜENTO OFT 1% X3.5G.(hospifarma);HOSPIFARMA;dic-25;$1.121;;$0;50
0;000023;FAR;CLORFENAMINA 4MGX20 COMP BE.(lch);LABORATORIO CHILE S.A.;oct-28;$195;;$0;1192
7804673040072;100AA01;FAR;CLORHEXIDINA GLUCONATO COLUTORIO 0,12%;CURAESPRING;dic-25;$1.768;;$0;122
7800068030451;1001D01;FAR;CLOTRIMAZOL 1% X 20ML SOL.TOP;PASTEUR;oct-26;$998;;$0;53
0;201D01;FAR;CLOTRIMAZOL CR 20GR;MDC;abr-26;$324;;$0;780
8906063986652;100302823D01;FAR;CLOTRIMAZOL CR 20GR;CURAESPRING;mar-26;$324;;$0;1112
7804673040218;200D01;FAR;CLOTRIMAZOL-BETAMETASONA CR 15GR;CURAESPRING;sept-26;$390;;$0;582
0;100M09;FAR;COLLAGEN 500 MG 60 CAPS.;SCL;dic-26;$3.274;;$0;2
7794640172731;10017M03;FAR;COREGA MAX FIJACION + SELLADO 70GR;GSK;feb-27;$9.888;;$0;3
7794640171758;10037M03;FAR;COREGA SIN SABOR 70GR;GSK;feb-27;$10.074;;$0;26
7800063130125;1005J01;FAR;COTRIMOXAZOL 200-40MG-5ML SUSP ORAL 100ML;MILAB;abr-26;$1.364;;$0;24
7800028001286;105R06;FAR;DEGRALER 2,5 MG - 5ML JBE FCO X 100 ML;BAGO;may-27;$9.102;;$0;1
7804673040294;154329618R06;FAR;DESLORATADINA 5MG 30COMP;CURASPRING;dic-26;$1.020;;$0;103
7800050002954;100DR05;FAR;DEUCOTOS;EUROFARMA;ago-26;$3.288;;$0;140
7800060007635;100034618A07;FAR;DIAREN 20 COMP;SAVAL;ene-30;$4.800;;$0;42
7804673040355;000005;FAR;DICLOFENACO 100MGX8 COM.LP(curaespring);MDC HEALTH SPA.;oct-26;$360;;$0;2328
0;000017;FAR;DICLOFENACO 50MG 10COMP.(andromaco);LABORATORIOS ANDROMACO S.A.;may-26;$288;;$0;202
0;100215418M01;FAR;DICLOFENACO 50MGX10 COMP.(opko);OPKO;jun-27;$242;;$0;1000
0;1080M01;FAR;DICLOFENACO ADULTO 50 MG X 5 SUP.(LCH);LABORATORIO CHILE S.A.;nov-26;$680;;$0;1
7804620834426;100421218M01;FAR;DICLOFENACO SODICO 100 MG X 8 CAPS LP (OPKO);OPKO;ago-27;$396;;$0;3405
7800057001486;100155023D11;FAR;DICLOTAREN GEL 1,16% 30GR;DROG FQP;mar-27;$943;;$0;472
7800063260013;100206123D11;FAR;DICOGEL GEL TOPICO 1,16%;MINTLAB;feb-28;$1.296;;$0;371
7800070004341;100AM09;FAR;DINAFLEX-DUO 500-400 MG 60 CAPS. (GLUCOSAMINA + CONDROITINA);TECNOFARMA;may-27;$16.960;;$0;9
7800004509126;100271229A02;FAR;DISFRUTA CLASIC SAL SB (60);MAVER;ago-27;$3.881;;$0;1381
7800004509119;100271329A02;FAR;DISFRUTA LIMON SAL SB (60);MAVER;sept-27;$3.348;;$0;487
7804614931445;193144518G04;FAR;DISILDEN 100MG 5COMP;IPHSA;nov-27;$1.672;;$0;102
7804614931421;100146118G04;FAR;DISILDEN 100MGX10 COMP;IPHSA;ene-27;$3.020;;$0;308
7804614931438;100252418G04;FAR;DISILDEN 100MGX3 COMP;IPHSA;nov-27;$1.210;;$0;91
7804614931629;100150318G04;FAR;DISILDEN 50MGX10 COMP;IPHSA;ago-27;$2.417;;$0;55
0;120AM01;FAR;DOLGENAL SL 30 MG 4 COMPRIMIDOS;TECNOFARMA;ago-26;$7.232;;$0;2
7800004508594;100257723M02;FAR;DOLORUB 5% CR 45GR;MAVER;ene-26;$2.404;;$0;254
7800004032853;100320726M02;FAR;DOLORUB PARCHE CASPICO X 1 UNI;MAVER;dic-26;$1.246;;$0;148
7800007407627;100000418A03;FAR;DOLOSPAM 15 COMP;LAB CHILE;oct-27;$1.626;;$0;43
7804620832835;100096018A03;FAR;DOMPERIDONA 10 MGX20 COMP BE(opko);OPKO;abr-28;$444;;$0;416
0;1090J01;FAR;DOXICICLINA 100 MG 10 CAPS.(megalabs);GENERICOS VARIOS;ene-28;$1.867;;$0;30
7800007175076;101AJ01;FAR;DOXICICLINA 100MG X 10 COMP;LAB CHILE;ene-28;$2.244;;$0;9
0;1000A06;FAR;DULCOLAX 7,5 MG / ML SOL. ORAL GTS. X 15 ML;LABORATORIO MAVER LTDA.;ene-26;$4.188;;$0;1
8903726249321;100AN06;FAR;DULOXETINA 30 MG X 28 CAPS REC ENT.;HETERO;dic-25;$3.720;;$0;3
0;000890;FAR;ELCAL FLEX 500MG POLVO CJ X 30 SACHET ;LABORATORIOS ANDROMACO S.A.;ene-27;$9.582;;$0;3
7800018001166;100C09;FAR;ENALAPRIL 10MGX20 COMP;ANDROMACO;jul-26;$252;;$0;38
0;100267629A02;FAR;ENO REGULAR;HALEON CHILE SPA;may-26;$3.780;;$0;60
7804679600034;100256518A07;FAR;ESANCOL 10 COMP;LAB ESAN;may-27;$1.583;;$0;267
7804620834433;100470718N06;FAR;ESCITALOPRAM 10MG 30COMP.(OPKO);OPKO;mar-26;$869;;$0;706
8903726193389;1002N06;FAR;ESCITALOPRAM 20 MG X 30 COMP. REC (SEVEN);SEVEN PHARMA;sept-27;$3.336;;$0;17
8903726248386;105A02;FAR;ESOMEPRAZOL 20 MG X 30 CAPS.(HETERO);HETERO;feb-26;$2.656;;$0;50
7804620834082;100393118A02;FAR;ESOMEPRAZOL 40MGX30 COMP (opko);OPKO;feb-27;$2.769;;$0;2
7800034507567;100405418C03;FAR;ESPIRONOLACTONA 25 MGX20 COMP BE;ANDROMACO;ene-26;$730;;$0;686
7804633500721;1002D01;FAR;ETHONAZOL CREMA TOPICA 1%;ETHON;jul-26;$300;;$0;85
0;1301A11;FAR;ETOVITAE 60 MG X 14 COMP REC;GALENICUM FARMA;oct-26;$3.720;;$0;3
0;000542;FAR;EUROCOR-D 2,5/6,25 MG 35 COMP.REC. ;SAVAL;oct-27;$12.079;;$0;2
0;100077418H03;FAR;EUTIROX 100MCG 100COMP;MERCK S.A.;oct-26;$8.484;;$0;1
0;000058;FAR;EUTIROX 125 MCG X 50 COMP.;MERCK S.A.;dic-26;$11.130;;$0;1
7501298222592;10GE16318H03;FAR;EUTIROX 25 MCG X 50 COMP;MERCK S.A.;dic-26;$7.547;;$0;3
7501298222615;100002218H03;FAR;EUTIROX 75 MCG X 50 COMP;MERCK S.A.;feb-27;$8.392;;$0;3
0;000885;FAR;EXTOSEN JBE.100ML (sanitas);SANITAS;oct-26;$3.042;;$0;21
7800063330341;100081807R01;FAR;FACIMIN 0,05% SP NAS 10ML;MINTLAB;ene-27;$4.251;;$0;120
7800007119322;120BA02;FAR;FAMOTIDINA [BE] 20 MG 20 COMP.(CHILE);LAB CHILE;ene-28;$640;;$0;60
7800007119407;000012;FAR;FAMOTIDINA 40MGX10 COMP;LAB CHILE;sept-27;$300;;$0;250
7804620834273;1T0042018A02;FAR;FAMOTIDINA 40MGX10 COMP (OPKO);OPKO CHILE S.A.;abr-26;$290;;$0;897
7804614931865;100387718R01;FAR;FINAGRIP 10 COMP;IPHSA;jul-27;$1.268;;$0;150
0;100028810R06;FAR;FINDALER 5MG/5ML JBE 100ML;EUROFARMA;may-25;$3.227;;$0;9
7800046005594;1003D01;FAR;FINDER 2% SHAMPOO X 100ML;EUROFARMA;nov-26;$6.012;;$0;11
7800068014703;10G020407R01;FAR;FISIOLIMP 0,9% SOLN NASAL 30ML;PASTEUR;jul-26;$2.636;;$0;84
0;10GE12327D01;FAR;FITTIG DOBLE ACCION PVO TOP X 60 GR;ANDROMACO OTC;jun-27;$4.116;;$0;14
7800063001760;10018N06;FAR;FLUOXETINA 20MGX20 COMP (MINTLAB);MINTLAB;sept-26;$372;;$0;26
7800008020030;100046823D04;FAR;FOILLE UNG 28GR;BLISTEX;dic-27;$2.011;;$0;48
7804650882947;1AA072C10;FAR;FORLIP 10 MG;ASCEND;ene-26;$3.084;;$0;11
7800018000374;100068218C03;FAR;FUROSEMIDA 40 MGX12 COMP;ANDROMACO;abr-27;$293;;$0;337
0;000852;FAR;GAMALATE B6 60 COMP. REC.;ANDROMACO;jul-26;$23.976;;$0;1
0;1200A07;FAR;GASTROALIV 262,5 MG / 15 ML SUSP. ORAL X 240 ML;LABORATORIO MAVER LTDA.;dic-26;$3.283;;$0;1
5000158069633;100A02;FAR;GAVISCON SACHET MENTA 10 ML X12;REALCINE;abr-26;$5.011;;$0;18
7800044002069;100326323A01;FAR;GELCAIN  GEL 2% 30GR;VALMA LTDA.;jun-26;$1.889;;$0;17
7800068031854;1200C10;FAR;GEMFIBROZILO 600 MG X 30 COMP.;PASTEUR;oct-27;$2.376;;$0;2
7800063370057;100371629R02;FAR;GENIOL DÍA 30XSOBRES;MINTLAB;may-27;$7.380;;$0;130
7800063000015;100299018R01;FAR;GENIOL FLU DN 15+5 COMP;MINTLAB;abr-27;$1.536;;$0;4
7800063000770;100270310R01;FAR;GENIOL FLU JBE 100 ML;MINTLAB;dic-26;$2.945;;$0;2126
7800063370064;100372029R02;FAR;GENIOL NOCHE 30XSOBRES;MINTLAB;abr-28;$7.380;;$0;82
0;000883;FAR;GINKOMAX 80 MG 120 CAPS. (GINKGO BILOBA);GARDEN HOUSE;may-26;$12.336;;$0;1
0;000884;FAR;GINKOMAX 80 MG 30 CAPS. (GINKGO BILOBA);GARDEN HOUSE;jul-26;$4.627;;$0;4
3596540050096;100275118A10;FAR;GLAFORNIL XR 1000MG 30COMP;MERCK S.A.;feb-26;$21.230;;$0;18
0;000888;FAR;GLAUPAX 500 MG 30 COMP.REC.;PASTEUR;jun-26;$2.628;;$0;5
0;1001D05;FAR;GOICOECHEA DIABET-TX 10% CREMA HIDRAT. PIEL EXTRA SECA 250G.;GENOMMA;ago-27;$11.328;;$0;1
7800020032110;103C09;FAR;GUTRON 5 MG 10 COMP.;ANDROMACO;jul-26;$15.440;;$0;34
0;1000V03;FAR;HEEL NEUREXAN 50 COMPRIMIDOS SUBLINGUALES;HEEL;mar-29;$13.253;;$0;2
0;1201C02;FAR;HIDRALAZINA 50 MG X 30 COMP. REC.;SEVEN PHARMA CHILE SPA;sept-29;$1.656;;$0;1
7800007120847;101AC03;FAR;HIDROCLOROTIAZIDA 50 MG X 20 COMP.(LCH);LAB. CHILE;oct-27;$529;;$0;195
0;1000H02;FAR;HIDROCORTISONA 20 MG X 20 COMP.;LABORATORIO CHILE S.A.;may-26;$3.706;;$0;1
7800007771193;100123910R05;FAR;HIEDRIX 35MG-15ML JBE;LAB CHILE;may-26;$1.914;;$0;2049
7800041043928;200AM01;FAR;IBUPIRAC-LC 400 MG 20 CAPS. BDAS. ;CHEMO FARMA;dic-26;$1.751;;$0;160
7804620833498;100292510M01;FAR;IBUPROFENO 200MG-5 ML SUSP 100ML;OPKO;feb-26;$990;;$0;329
7800007771278;180M01;FAR;IBUPROFENO 400MGX20 COMP (CHILE);LAB CHILE;feb-26;$551;;$0;70
7804620834099;000019;FAR;IBUPROFENO 400MGX20 COMP (OPKO);OPKO;oct-26;$374;;$0;710
7804650880028;000004;FAR;IBUPROFENO 600MGX20 COMP (ASCEND);ASCEND;jun-26;$504;;$0;5
7800007771353;116AE01M01;FAR;IBUPROFENO 600MGX20 COMP.(LAB CHILE);LAB CHILE;jul-26;$576;;$0;2156
7800004002146;100391318A07;FAR;IMECOL AD X16 COMP;MAVER;nov-26;$2.880;;$0;107
0010742206011;100000123R01;FAR;INHALADOR MENTHOLATUM;MENTHOLATUM;sept-26;$2.157;;$0;86
4048846023049;100KA10;FAR;JARDIANCE 10 MG X 30 COMP;BOEHRINGER INGELHEIM;feb-27;$27.188;;$0;3
0;1300A01;FAR;KALMAFTA GEL ORAL X 20 GR;ANDROMACO OTC;may-26;$3.444;;$0;2
7861073971160;110AR02;FAR;KALMAFTA GEL x 20G (ANDROMACO);ANDROMACO;may-26;$3.178;;$0;8
0;1300R05;FAR;KALOBA SOLUCION X 20 ML;PHARMA INVESTI;abr-26;$7.584;;$0;1
7800063111445;000014;FAR;KETOPROFENO T.U 200MGX10 COMP.(MINTLAB);MILAB;jul-26;$850;;$0;7490
7800063111483;000010;FAR;KETOROLACO 10MGX10 COMP (MINTLAB);MINTLAB;dic-26;$348;;$0;752
7800007409249;10G051518N02;FAR;KITADOL 500MG X24 COMP;LAB CHILE;nov-26;$539;;$0;1898
0;1300G03;FAR;LACTAFEM 75 MCG X 28 COMP RECUB;ANDROMACO OTC;mar-26;$10.972;;$0;1
7800007808264;10010A06;FAR;LACTULOSA 66,7% SOL 200ML;LAB CHILE;dic-27;$3.000;;$0;562
7804620835645;102XS01;FAR;LAGRIMAS ARTIF.0.5% X 15ML SOL.OFT;OPKO;mar-26;$850;;$0;76
7800007803887;100419118A02;FAR;LANSOPRAZOL 30MGX30 CAPS.(LCH);GENERICOS VARIOS;jun-26;$971;;$0;77
7804657990102;000736;FAR;LATANOPROST-TIMOLOL SOL OFT X 2,5 ML(pharmatech);PHARMA TECH;jul-27;$6.857;;$0;2
0;000240;FAR;LAX 3350 17 G PVO. SOL. ORAL X 7 SOBRES;ANDROMACO;oct-27;$8.616;;$0;1
7803504000544;100285023M02;FAR;LEFKAFLAM CR 50G;KNOP;sept-26;$3.485;;$0;46
7804673040560;101R06;FAR;LEVOCETIRIZINA 5MGX30 COMP.(CURAESPRING);CURAESPRING;jun-26;$1.079;;$0;530
7800046005365;000528;FAR;LEVOXIN 750 MG 10 COMP. ;EUROFARMA;abr-26;$8.141;;$0;15
0;1200N01;FAR;LIDOCAINA CLORHIDRATO 4 % GEL X 15 G;LABORATORIO CHILE S.A.;sept-26;$3.514;;$0;1
7800063110202;119904218A07;FAR;LOPERAMIDA 2MGX6 COMP (mintlab);MINTLAB;nov-26;$276;;$0;1890
7800007649126;000826;FAR;LORATADINA 10 MG 30 COMP.(LAB CHILE);LAB CHILE;dic-26;$368;;$0;210
0;101CC09;FAR;LOSARTAN 100 MG X 30 COMP. REC.;LABORATORIO CHILE S.A.;ago-27;$2.582;;$0;1
7804650880677;100372818C09;FAR;LOSARTAN 50 MGX30 COMP;ASCEND;jun-27;$562;;$0;59
0;100CC09;FAR;LOSARTAN 50 MGX30 COMP.(LCH);LABORATORIO CHILE S.A.;feb-26;$576;;$0;12
7800007807229;000018;FAR;LOSARTAN 50 MGX30 COMP.(LCH);LAB CHILE;may-26;$557;;$0;1398
7804620834884;1T0048910R06;FAR;LOTADIN 2,5MG-5ML JBE 120 ML;OPKO;mar-26;$1.440;;$0;3474
7804620834488;190044018R06;FAR;LOTADIN 5MGX30 COMP;OPKO;feb-26;$1.140;;$0;1069
7804671180138;1005A11;FAR;MAGNESIO + ZINC X 20 TABLETAS EFERV. GERMAN ENERGY;GERMAN ENERGY;jun-27;$2.076;;$0;10
7800044000676;000273;FAR;MANTECA DE CACAO COCO;VALMA LTDA.;jul-27;$720;;$0;50
7800044000690;000274;FAR;MANTECA DE CACAO DAMASCO;VALMA LTDA.;dic-27;$780;;$0;25
#N/D;117100223D06;FAR;MANTECA DE CACAO FRUTILLA;VALMA LTDA.;ene-28;$797;;$0;25
7800044000256;000266;FAR;MANTECA DE CACAO NARANJA;VALMA LTDA.;dic-25;$744;;$0;73
7800044000683;000275;FAR;MANTECA DE CACAO PLATANO;VALMA LTDA.;feb-28;$780;;$0;50
7800046004849;100162518R06;FAR;MAREAMIN 100MGX20 COMP;EUROFARMA;jul-26;$2.725;;$0;39
0;1003M02;FAR;MATIKOMP UNG. TOP. 35 G. ;KNOP FITOTERAPEUTICOS;dic-27;$4.278;;$0;1
7803501004422;1010N05;FAR;MELATONINA  GOTAS 3MGX30 ML CIRCALIFE;ARAMA NATURAL PRODUCTS;jun-26;$3.828;;$0;274
7804673040447;100410N05;FAR;MELATONINA 3MGX30 CAPS(CURESPRING);CURAESPRING;ago-26;$1.056;;$0;657
7803504000254;100082218N05;FAR;MELIPASS 60 CAP;KNOP;nov-26;$3.024;;$0;38
78037830;000006;FAR;MENTHOLATUM 12 GR;MENTHOLATUM;jul-26;$553;;$0;2860
0;000889;FAR;MERPAL 15 MG/ML GOTAS 20 ML;PRATER;jul-26;$3.660;;$0;20
7804673040386;104BA10;FAR;METFORMINA 1000MG X30 COMP;CURAESPRING;abr-27;$1.908;;$0;193
7800018000664;000530;FAR;METFORMINA 850MGX60 COMP;ANDROMACO;jun-27;$2.190;;$0;142
7800063003122;126820818A03;FAR;METOCLOPRAMIDA 10 MG 24COMP.(MINTLAB);MINTLAB;oct-28;$504;;$0;82
7800028000357;000001;FAR;MIGRANOL 10 COMP;BAGO;sept-26;$1.130;;$0;4810
7800063330181;100226510R05;FAR;MINTAMOX 15MG-5ML JBE 100ML;MINTLAB;ene-26;$1.697;;$0;10
7800046004610;100BM03;FAR;MIO RELAX 10 MG X 20 COMP REC;EUROFARMA;abr-26;$1.555;;$0;1
0;000532;FAR;MODAVITAE 200 MG X 30 COMP.;GALENICUM HEALTH CHILE SPA;jun-26;$18.336;;$0;2
3662042004469;151ES01;FAR;MONOPROST 50 MCG-ML SOL OFT X 30 PIPETAS;THEA;sept-26;$26.358;;$0;9
0;130DR03;FAR;MONTELUKAST [BE] 10 MG 30 COMP.REC.;SEVEN PHARMA;dic-25;$2.580;;$0;1
7800060009738;000539;FAR;MUXOL 15 MG-5ML JARABE PEDIATRICO 100 ML (AMBROXOL);SAVAL;ene-27;$3.509;;$0;10
7800060009721;2002R05;FAR;MUXOL 30 MG X 20 COMP.;SAVAL;ene-28;$5.872;;$0;17
7800060009684;10G027010R05;FAR;MUXOL 30MG JBE ADU 100 ML;SAVAL;abr-27;$3.528;;$0;8
7800063001944;000013;FAR;NAPROXENO 550MGX10 COMP (MINTLAB);MILAB;nov-26;$827;;$0;2835
0;1201N02;FAR;NASTIZOL COMPOSITUM PEDIATRICO SOL. GTS. ORALES X 15 ML;NOVOFARMA SERVICE S.A.;may-26;$7.382;;$0;1
7800028210350;100098710R01;FAR;NASTIZOL COMPT JBE 100ML;BAGO;jun-26;$6.180;;$0;367
7800028003105;10G022118R01;FAR;NASTIZOL COMPUESTO 120 COMP (6COMP);BAGO;nov-27;$14.110;;$0;57
7800028005536;100921218R01;FAR;NASTIZOL DN 18COMP;BAGO;oct-26;$3.062;;$0;467
7800041047605;10G021918R01;FAR;NASTUL CPTO 10 COMP;CHEMO PHARMA;feb-27;$1.356;;$0;321
0;1301R06;FAR;NASTUL SOL ORAL GOTAS X 15 ML;CHEMOPHARMA;nov-25;$1.308;;$0;3
0;100236618N02;FAR;NEFERSIL 125MGX10 COMP;MEGALABS CHILE S.A;dic-27;$2.648;;$0;100
7800063000800;100223918R06;FAR;NEOHYSTICLAR JBE 2,5MG-5ML 90ML;MINTLAB;sept-26;$3.285;;$0;686
7800007122629;100D05;FAR;NEOMICINA 500MG;LAB CHILE;ago-26;$4.891;;$0;110
7795373024458;100BR03;FAR;NEUMOCORT PLUS 160-4.5 MCG PVO INH X 150;D&M;mar-26;$28.848;;$0;1
7501298223803;100366508A11;FAR;NEUROBION DC 10000 SOL INY X 3 JER PRE;P&G;jul-26;$16.482;;$0;41
7500435221030;104A11;FAR;NEUROBIONTA ADVANCE  X 30 COMP REC;P&G;jul-26;$14.760;;$0;3
#N/D;100GE5110R05;FAR;NOSCAPINA 5MG-5ML JBE 100ML;MINTLAB;nov-26;$1.016;;$0;473
0;1301G03;FAR;NOVAFEM SUSP INY 0.5 ML X 1 AMP;ANDROMACO;oct-28;$6.828;;$0;1
0;10G044018N02;FAR;OBLEA CHINA;MAVER;ene-28;$22.793;;$0;37
7804673040232;160A02;FAR;OMEPRAZOL 20MGX30 CAPS.(CURAESPRING);CURAESPRING;may-27;$576;;$0;875
7804673040249;16003A02;FAR;OMEPRAZOL 20MGX60 CAPS(CURAESPRING);CURASPRING;feb-27;$1.032;;$0;605
0;171AA04;FAR;ORALNE 20 MG X 30 CAPS BLANDAS;DEUTSCHE PHARMA;jun-27;$26.520;;$0;12
7800068010163;101016307R01;FAR;OXILIN 0,05% SOLN NASAL 15ML;PASTEUR;feb-26;$4.920;;$0;213
7800063130507;119915810R05;FAR;OXOLAMINA 28 MG PED JBE  100ML;MINTLAB;nov-26;$1.022;;$0;616
7800063130514;100431510R05;FAR;OXOLAMINA 50 MG AD JBE  100ML;MILAB;nov-26;$1.152;;$0;821
7803504404106;10G025910R05;FAR;PALTOMIEL JBE. AD. KNOP;KNOP;ene-27;$1.140;;$0;161
7803504404113;10G026010R05;FAR;PALTOMIEL JBE. PED. KNOP;KNOP;dic-26;$1.231;;$0;152
7804900000305;177236618N02;FAR;PANADOL  ADVANCE 500MGX48 COMP;GSK;nov-26;$2.366;;$0;96
0;120BN02;FAR;PANADOL 160 MG/5ML JBE. PED. 60 ML (PARACETAMOL);GLAXO - POPULARES;nov-26;$3.690;;$0;10
7804900000299;1005N02;FAR;PANADOL ADVANCE 500 MG x 12 COMP. REC.;GSK;feb-27;$674;;$0;44
7451079003462;000262;FAR;PANADOL INFANTIL 80MG X 20 COMP ;GSK;mar-26;$1.430;;$0;35
7800007142658;10G012920N02;FAR;PARACETAMOL 125MG INFX6 SUP;LAB CHILE;jul-26;$588;;$0;853
7800007124326;100516N02;FAR;PARACETAMOL 500MGX16 COMP BE.(LAB CHILE);LAB CHILE;sept-27;$194;;$0;16710
7800063111001;10G0120N02;FAR;PARACETAMOL 80MGX 20COMP;MINTLAB;abr-27;$497;;$0;65
0;000709;FAR;PARODOX 20 MG X 30 COMP. REC.;EUROFARMA;abr-26;$7.509;;$0;1
0;1080N06;FAR;PAROXETINA 20 MG X 30 COMP. REC.;LABORATORIO CHILE S.A.;ene-28;$3.860;;$0;1
7803504001725;100BN06;FAR;PASSIFLORA TM 50 COMPRIMIDOS;KNOP;jun-28;$2.808;;$0;4
7803504001237;125966410R05;FAR;PECTOX JBE 35MG-5ML 120ML;KNOP;feb-26;$1.560;;$0;287
0;106AA06;FAR;PERENTERYL PVO SOL ORAL 250 MG X  10 SACHET;AXON;jun-26;$8.820;;$0;1
0;1200M01;FAR;PIRONAL FLU FORTE SUSP. ORAL X 100 ML;BAGO;jun-27;$8.819;;$0;1
7800007124753;122AM01;FAR;PIROXICAM [BE] 20 MG 10 COMP.;LAB CHILE;sept-27;$503;;$0;2
7800063330556;1001AA03;FAR;PLAZOLIT 5MG-ML 15ML GOTAS;MINTLAB;abr-27;$1.523;;$0;38
7800063330563;1002AA03;FAR;PLAZOLIT FORTE 10MG-ML 15ML GOTAS;MINTLAB;mar-27;$1.664;;$0;61
7801000277750;000531;FAR;POVISEPT 10% S.TOP.30 ML(DIFEM);DIFEM;dic-27;$1.212;;$0;35
0;100292318H02;FAR;PREDNISONA 20MGX20 COMP.(LCH);LABORATORIO CHILE S.A.;dic-26;$1.091;;$0;40
7800004004980;100457718N02;FAR;PREDUAL 10COMP;MAVER;nov-27;$924;;$0;120
7800004005000;11G027518N02;FAR;PREDUAL 125 COMP (25X5);MAVER;may-26;$8.844;;$0;137
7804673040423;160000001N03;FAR;PREGABALINA 75MG X30 CAP;CURAESPRING;nov-26;$1.443;;$0;461
0;000802;FAR;PRESTAT 150 MG 40 COMP. [BE] (PREGABALINA);BAGO;dic-26;$19.692;;$0;1
0;1202N02;FAR;PRESTAT 50 MG X 40 COMP.;BAGO;sept-27;$8.496;;$0;1
0;1200D04;FAR;PROLONG 1000 11,5 % SPRAY TOPICO X 10 G;LABORATORIO MAVER LTDA.;nov-27;$5.820;;$0;1
7800063325262;100235618M01;FAR;PYRIPED 400MG 20 CAP.;MINTLAB;feb-26;$1.842;;$0;142
0;120AA6;FAR;QG5 PSIDIUM GUAJABA 166,6 MG. 4 DISPLAY DE 30 COMP.;GENOMMA;jun-26;$36.677;;$0;3
0;202AG03;FAR;QLAIRA X 28 COMP.;PHARMA INVESTI;abr-28;$21.580;;$0;1
8903726208847;125AN05;FAR;QUETIAPINA 100 MG 30 COMP.REC.(SEVENPHARMA);SEVENPHARMA;jul-27;$2.388;;$0;113
7800007806628;000819;FAR;QUETIAPINA 100 MG X 30 COM REC(LAB CHILE);LAB CHILE;feb-27;$2.448;;$0;9
8903726308820;100336518N05;FAR;QUETIAPINA 25MGX30 COMP.(sevenpharma);SEVEN PHARMA;feb-27;$1.231;;$0;132
7804667110026;140283318C10;FAR;REDISTATIN 10MG 30 COMP;DR. REDDY'S LAB;abr-26;$3.000;;$0;74
7800007804877;10G030715S01;FAR;RED-OFF 0,0125% 15ML;LAB CHILE;sept-26;$3.101;;$0;28
7800007660282;100BA12;FAR;REHSAL 90 MEQ PVO SOL ORAL LIMON X 4 SACHET;LAB CHILE;ago-27;$9.503;;$0;5
7804620836406;000722;FAR;RELANOK 100 MG 20 CAP. [BE] (TRAZODONA HCL);SCHERING-PLOUGH;abr-26;$9.288;;$0;4
7800038046178;1070P03;FAR;REPELEX CREMA PIEL SENSIBLE DE 80 G;SANITAS;nov-27;$2.868;;$0;4
7800038046192;100BP03;FAR;REPELEX NF SPRAY 165 ML;SANITAS;ago-27;$2.309;;$0;173
0;1300A06;FAR;RIGOTAX 10 MG/ML SOL ORAL GOTAS X 15 ML;PRATER;oct-26;$4.980;;$0;2
0;102AR06;FAR;RIGOTAX D 5/120MG X 30 CAPS/Z;LABORATORIOS PRATER S .A.;ene-26;$8.400;;$0;1
0;1001B01;FAR;RIVOXA(B) 15MG 30 COMP;SAVAL;nov-25;$37.902;;$0;1
8903726193372;125AC10;FAR;ROSUVASTATINA [ES] 10 MG 30 COMP.REC.;SEVEN PHARMA;ene-26;$2.268;;$0;284
0;125AR06;FAR;RUPAFIN 10 MG 30 COMP. ;ITF LABOMED FARMACEUTICA LTDA.;nov-28;$11.082;;$0;1
7800063480022;100076806R03;FAR;SALBUTAMOL INH 100 MCG-DOSIS;MINTLAB;feb-27;$1.188;;$0;53
7804629440529;122547206R03;FAR;SALBUTAMOL INH 100 MCG-DOSIS(faes farma);FAES FARMA;jul-29;$1.247;;$0;300
0;100132600D08;FAR;SANIGERMIN TRICLOSAN 0,3% PAN 90GR;SANITAS;ene-26;$996;;$0;44
7800063116419;000251;FAR;SERTRALINA 100 MG X 30 COMP (MINTLAB);MINTLAB;jun-26;$1.500;;$0;80
0;000706;FAR;SERTRALINA 50 MG X 30 COMP.(LAB CHILE);LABORATORIO CHILE S.A.;ago-27;$601;;$0;1
7800063115443;100294618N06;FAR;SERTRALINA 50MGX30 COMP BE (MINTLAB);MINTLAB;may-27;$504;;$0;92
0;100AN05;FAR;SINCRIS 10MGX 30COMP ;CHILE;sept-25;$16.680;;$0;1
0;000044;FAR;SULFA-G CR. X 30 G;LABORATORIO HOSPIFARMA CHILE LTDA.;sept-28;$4.828;;$0;1
7861148022285;127239718M01;FAR;SYNDOL SL 30MG 4COMP;PHARMA INVESTI;jul-26;$5.639;;$0;30
0;1200A11;FAR;T.R.O 60 MEQ X 30 SOBRES;LABORATORIO VALMA S.A;nov-26;$6.101;;$0;5
0;101CA07;FAR;T.R.O 90 MEQ PVO SOL ORAL X 10 SACHET;VALMA FARMA;dic-26;$3.684;;$0;4
7800007808325;100CG04;FAR;TAMSULOSINA 0,4 MG X 30 COMP REC;LAB CHILE;mar-27;$2.388;;$0;2
7800004001811;000263;FAR;TAPSIN CALIENTE DIA X6 SOBRES;MAVER;ene-27;$2.205;;$0;94
7800004004188;000264;FAR;TAPSIN CALIENTE NOCHE X6 SOBRES;MAVER;jun-27;$2.206;;$0;94
7800004000418;100250318N02;FAR;TAPSIN D-N 18 COMP;MAVER;abr-26;$1.247;;$0;340
#N/D;100278810N02;FAR;TAPSIN INF GTS 15ML;MAVER;may-26;$1.680;;$0;96
7800004007073;000824;FAR;TAPSIN INSTAFLU D-N X 6 COMP;MAVER;dic-26;$481;;$0;1000
0;10G042929R02;FAR;TAPSIN LIMONADA DIAX60SOBRES 5GR;MAVER;mar-28;$22.022;;$0;160
0;10G043029R02;FAR;TAPSIN LIMONADA NOCHEX60SOBRES 5GR;MAVER;mar-28;$21.569;;$0;160
7800004002184;100419318N02;FAR;TAPSIN MIGRAÑA X180 COMP (6 COMP);MAVER;oct-26;$9.312;;$0;16
7800004500819;000015;FAR;TAPSIN PLUS LIMONADA DIAX30SOBRES 5GR;MAVER;may-26;$11.820;;$0;261
7800004500826;000011;FAR;TAPSIN PLUS LIMONADA NOCHEX30SOBRES 5GR;MAVER;ene-26;$11.820;;$0;1665
7804673040140;101D01;FAR;TERBINAFINA 250 MG X30 COMP.(CURAESPRING);CURAESPRING;abr-26;$3.180;;$0;50
7804633500042;100BG03;FAR;TESTOSTERONA 250 MG-ML X 1 AMP.;ETHON;dic-25;$11.760;;$0;50
7804918402108;100316210R05;FAR;TOCALM JBE INF 15MG-5ML 100ML;PRATER;oct-26;$2.028;;$0;143
7800028003730;100403210R05;FAR;TOCEX JBE 60MG-10ML 120ML;BAGO;jul-27;$3.924;;$0;183
7800060144941;1070A11;FAR;TOL 12 FORTE 10.000 SOL. INY. X 3 AMP. 3 ML;SAVAL;may-26;$6.113;;$0;8
7800007794994;3003CR01;FAR;TRAMADOL 100MG-ML X20ML GTS;LAB CHILE;sept-26;$1.368;;$0;240
7800046005655;000200;FAR;TRAMAVOLTA 37.5-325 X 30 COMP.;EUROFARMA;jul-26;$2.814;;$0;46
7800060407466;000717;FAR;TREX 500 MG X 3 COMP. REC.;SAVAL;mar-27;$11.640;;$0;4
7800063111513;1000A03;FAR;TRIMEBUTINO MALEATO 100 MG X 20 COMP. (MINTLAB);MILAB;sept-28;$648;;$0;96
7800060015685;10G025610R01;FAR;TRIO VAL  SUSP 100ML;SAVAL;jun-26;$4.723;;$0;90
7800060015661;10GE12818R01;FAR;TRIO VAL 10 COMP;SAVAL;mar-27;$2.526;;$0;71
7800060110496;10G024618R01;FAR;TRIO VAL DIA-NOCHE 20 COMP;SAVAL;abr-28;$3.501;;$0;1791
7896009498374;000265;FAR;TUMS ENO 500MG x48 COMP MASTICABLES;GSK;mar-27;$10.113;;$0;10
0;1205N02;FAR;ULTRIPTAN 2,5 MG X 10 COMP. REC.;MEDICAL INTERNATIONAL LABORATORIES CORPORATION S.A.;sept-26;$5.328;;$0;1
7800060147102;129413018C09;FAR;VALAX 160MG 30COMP (SAVAL);SAVAL;dic-25;$6.600;;$0;26
0;1200C09;FAR;VALKEM D 160/12,5 MG X 30 COMP. REC.;ASCEND;may-26;$7.210;;$0;1
8903726193556;11CA04C09;FAR;VALSARTAN 160MG 30 COMP;SEVEN PHARMA;jun-26;$4.667;;$0;111
7801000120445;100272523D02;FAR;VASELINA SOLIDA 24G.(DIFEM);DIFEM;oct-26;$1.082;;$0;69
7800059005840;10G025310A03;FAR;VIADIL COMPUESTO GTS;MEGALABS;mar-26;$2.235;;$0;50
0;1060A03;FAR;VIADIL COMPUESTO SOL. INY. X 2 AMP.;MEGALABS CHILE S.A;sept-26;$4.120;;$0;2
7730698014869;100GE2010A03;FAR;VIADIL FORTE GTS;MEGALABS;oct-26;$2.450;;$0;320
7730698014852;10G025410A03;FAR;VIADIL GTS;MEGALABS;sept-26;$2.457;;$0;697
0;150A12;FAR;VITAMINA B12 X 100 COMP;MDC;feb-26;$1.668;;$0;1
#N/D;100010018A11;FAR;VITAMINA C 100 COMP;VALMA LTDA.;ene-27;$610;;$0;43
0;125GA11;FAR;VITAMINA C 1000 MG BERRIES GERMAN ENERGY 20 TABLETAS EFERVESCENTES;BIOPLUS SPA;oct-27;$1.924;;$0;1
7804671180114;126GA11;FAR;VITAMINA C 1000 MG LIMON X 20 TABLETAS EFERV. GERMAN ENERGY;GERMAN ENERGY;jul-27;$1.836;;$0;3
0;127AG11;FAR;VITAMINA C 1000 MG X 20 TAB. EFERV. GERMAN ENERGY;BIOPLUS;ene-26;$1.980;;$0;1
7804673040003;100001A11;FAR;VITAMINA C MASTICABLES 500 MGX30 COMP;CURAESPRING;dic-25;$876;;$0;212
7800004004805;10G030923M02;FAR;VITAPOVIN POM 10GR;MAVER;feb-27;$943;;$0;296
7800063310824;100260918G04;FAR;ZILFIC 50MG X2 COMP;MINTLAB;ene-28;$552;;$0;48
7809591402582;150A01;FAR;ZINCOVIT 5 MG - ML SOL ORAL GOTAS X 30 ML;ITF-LABOMED;feb-29;$9.378;;$0;8
0;000886;FAR;ZIVAL 5 MG X 40 COMP. REC.;LABORATORIO SAVAL S.A.;abr-26;$9.139;;$0;4
0;100369918N05;FAR;ZOPICLONA 7,5MGX30 COMP BE(MINTLAB);GENERICOS VARIOS;jul-26;$1.008;;$0;135
7805633013433;428833700DMF;PER;ALGODÓN PRENS 50GR F.SET;FAMILY SET;oct-29;$500;;$0;131
650240036965;PERF350;PER;ASEPXIA BICARBONATO JABON BARRA 100 G.;LATAM;oct-26;$4.063;;$0;6
0;PERF351;PER;ASEPXIA CARBON DETOX PURIFICANTE MASCARIILA 30 G.;GENOMMA;oct-26;$5.888;;$0;1
0;PERF352;PER;ASEPXIA CARBON JABON LIQUIDO PURIFICANTE;GENOMMA;jul-26;$6.688;;$0;1
7798140259428;PERF353;PER;ASEPXIA CARBON TOALLITAS LIMPIEZA FACIAL X 25 UNID.ASEPXIA CARBON TOALLITAS LIMPIEZA FACIAL X 25 UNID.ASEPXIA CARBON TOALLITAS LIMPIEZA FACIAL X 25 UNID.ASEPXIA CARBON TOALLITAS LIMPIEZA FACIAL X 25 UNID.ASEPXIA CARBON TOALLITAS LIMPIEZA FACIAL X 25 UNID.;ASEPXIA;jul-26;$4.070;;$0;2
650240004643;PERF354;PER;ASEPXIA EXFOLIANTE JABON EN BARRA 100 G (LATAM);LATAM;jul-27;$4.058;;$0;5
0;PERF901;PER;BENTLEY GEL LUBR INTIMO HOT X 50 GR;PRATER;nov-26;$2.612;;$0;3
0;PERF036;PER;BROOKS TALCO 220 G.+SPRAY 45 G.;COSMETICA DAVIS S.A.;ene-28;$5.150;;$0;1
7805633014287;429114400DMF;PER;BUBU TOA HUM C-ACE EM 80X2BUBU TOA HUM C-ACE EM PACK X2;IMP SOCOFAR;may-27;$1.710;;$0;186
0;PERF012;PER;CARISTOP COMPUESTO 0,0250 G % PASTA DENTAL X 100 G;MAVER;nov-27;$4.503;;$0;1
7805633018957;429618500DMF;PER;COTONITOS 200 UNIDX2 F. SET;FAMILY SET;may-28;$891;;$0;58
0;PERF0045;PER;DEVELLOL CLASSIC CREMA DEPILATORIA 80 ML;FARMOQUIMICA;ago-26;$2.811;;$0;1
7891150023529;PERF990;PER;DOVE MEN SH CASPA CONTROL X 400 ML;DOVE;jul-27;$2.250;;$0;4
0;PERF236;PER;ELVIVE COLORVIVE CREMA DE TRATAMIENTO 300GRS;LOREAL;ago-27;$2.600;;$0;1
7805633019183;PERF36;PER;F.SET TALCO PIES;FAMILY SET;jun-27;$536;;$0;40
0;PERF360;PER;FITTIG COBRE 200 GRS X 1 UNID.;LABORATORIOS ANDROMACO S.A.;may-26;$4.088;;$0;1
7509552909678;PERF994;PER;FRUCTIS SH STOP CAIDA X 350 ML;FRUCTIS;jul-27;$2.300;;$0;2
7500435172837;PERF0043;PER;GILLETTE PRESTOBARBA3 TRIPLE HOJA VARON X (24 UND);GILETTE;dic-28;$1.049;;$0;23
0;PERF038;PER;HIDROFUGAL DOBLE PROTECCION ANTITRANSPIRANTE NEUTRAL SPRAY 150 ML;BEIERSDORF;sept-27;$9.688;;$0;1
7804923031522;7804923031522T;PER;ILICIT NVO 8-1 RU.CLA.CE;TINTURA DE PELO;dic-28;$1.688;;$0;48
7804923031225;7804923031225T;PER;ILICIT NVO. 1-0 NEGRO;TINTURA DE PELO;sept-27;$1.690;;$0;304
7804923031232;7804923031232T;PER;ILICIT NVO. 2-8 NEG.AZULA;TINTURA DE PELO;feb-28;$1.467;;$0;240
7804923031249;7804923031249T;PER;ILICIT NVO. 3-0 CAS.OSCU;TINTURA DE PELO;sept-27;$1.690;;$0;62
7804923021287;7804923021287T;PER;ILICIT NVO. 5-0 CAS.CLARO;TINTURA DE PELO;dic-26;$1.688;;$0;60
7804923031379;7804923031379T;PER;ILICIT NVO. 5-20 CIRUELA;TINTURA DE PELO;dic-28;$1.688;;$0;48
7804923031454;7804923031448T;PER;ILICIT NVO. 6-1 RUB.OS.CE;TINTURA DE PELO;dic-28;$1.690;;$0;24
7804923031294;7804923031294T;PER;ILICIT NVO. 6-7 CHOCOLATE;TINTURA DE PELO;dic-28;$1.250;;$0;240
7804923031461;7804923031461T;PER;ILICIT NVO. 7-0 RUB.MEDI;TINTURA DE PELO;dic-28;$1.688;;$0;48
7804923031478;7804923031478T;PER;ILICIT NVO. 7-1 RUB.ME.CE;TINTURA DE PELO;ene-28;$1.688;;$0;60
7804923031508;7804923031508T;PER;ILICIT NVO. 7-35 MIEL;TINTURA DE PELO;dic-28;$1.688;;$0;72
7804923031348;7804923031348T;PER;ILICIT NVO. 77-44 RO.MAND;TINTURA DE PELO;dic-28;$1.690;;$0;60
7804923031515;7804923031515T;PER;ILICIT NVO. 8-0 RUB.CLARO;TINTURA DE PELO;dic-28;$1.688;;$0;60
7804923031553;7804923031553T;PER;ILICIT NVO. 9-0 RU.EX.CLA;TINTURA DE PELO;dic-28;$1.690;;$0;24
7804923031263;7804923031263T;PER;ILICIT NVO.4-0 CAS.MEDIO;TINTURA DE PELO;dic-28;$1.688;;$0;180
7804923031362;7804923031362T;PER;ILICIT TINTU. 4-45 CAOBA;TINTURA DE PELO;dic-27;$1.690;;$0;36
7804923031546;7804923031546T;PER;ILICIT TINTU.8-31 ALM.47G;TINTURA DE PELO;dic-27;$1.688;;$0;72
0;PERF121;PER;ISDIN PROTECTOR LABIAL 4G. SPF30 PROTECCION ALTA;ISDIN CHILE LTDA.;oct-26;$5.238;;$0;5
0;PERF122;PER;ISDIN PROTECTOR LABIAL 4G. SPF50+ PROTECCION MUY ALTA;ISDIN;abr-27;$5.208;;$0;5
0;PERF801;PER;LA ROCHE POSAY CICAPLAST BAUME B5 40ML;LOREAL VICHY LA ROCHE;nov-27;$12.463;;$0;1
7702035432117;PERF701;PER;LISTERINE COOL MINT FRESCURA INTENSA X 180ML;PDA;ago-26;$1.103;;$0;10
7702031563327;PERF702;PER;LISTERINE COOL MINT SIN ALCOHOL X 180ML;PDA;ago-26;$1.103;;$0;8
7794640170133;PERFD01;PER;PASTA DENTAL SENSODYNE REPARA & PROTEGE;GLAXO PERFUMERIA;feb-26;$4.978;;$0;7
7805163000095;4000DMF;PER;PHB CEPILLO SUPER 7 SUAVE PACK DUO X 2 UNID.;PHB;ene-30;$5.350;;$0;3
8427426020207;1005DMF;PER;PHB PETIT CEPILLO DENTAL X 1 UNID.;PHB;ene-30;$2.456;;$0;4
7509552840346;PERF051;PER;REVITALIF AC. HIALURONICO CONTORNO OJOS 15 ML;LOREAL;sept-27;$10.628;;$0;2
#N/D;419903400DMF;PER;SEDA DENTAL 2X1 FAMILY SET;MUNNICH PHARMA MEDICAL SPA;abr-28;$1.153;;$0;113
0;PERF361;PER;SIMONDS DISPLAY CHUPETE SILICONA  VARIABLE RPTO B/ANCHA X 2 UNID.;LABORATORIO DURANDIN S.A;dic-28;$3.494;;$0;1
0;PERF364;PER;VEET CREMA DEPILATORIA CORPORAL PARA LA DUCHA PIEL SENSIBLE 150 ML;VEET;dic-26;$6.363;;$0;1
7800004005055;PERF703;PER;VITAPOVIN POMO X20G;MAVER;dic-26;$1.775;;$0;25
7800017002317;SUP800;SUP;BION BB GOTAS 8 G. (BIFIDOBACTERIUM BB-12);MERCK S.A.;jun-26;$16.190;;$0;2
9300000000910;SUP036;SUP;CITRATO DE MAGNESIO 400MG X30 CAP.(PRANALAB);PRANALAB;mar-27;$1.603;;$0;46
0;000729;SUP;CRANBERRY 30 CAPS.BDAS.(LAB CHILE);SUPLALIM;sept-27;$1.788;;$0;1
0;000268;SUP;EYKOSACOL CAP X 30;KNOP FITOTERAPEUTICOS;mar-26;$5.186;;$0;2
0;000285;SUP;FISIOFER 800 MG/15ML S.O.10 FCOS.BEB. 15 ML (HIERRO);ITF LABOMED;jul-26;$21.900;;$0;2
0;SUP072;SUP;MULTIVITAMINAS + BIOTINA SABOR NARANJA GERMAN ENERGY 20 TABLETAS EFERVESCENTES;SWISS ENERGY;feb-27;$2.035;;$0;2
0;000725;SUP;OMEGA 3-6-9 30 CAPSULAS BLANDAS;SUPLALIM;oct-26;$1.950;;$0;4
0;000891;SUP;POTENCIATOR 5 G. SOLUCION ORAL 20 AMPOLLAS BEBIBLES/10 ML ;FAES FARMA CHILE;ago-27;$18.573;;$0;5
0;SUP001;SUP;POTENCIATOR 5MG X 5 AMP.;FAES FARMA;feb-27;$8.988;;$0;10
7804673040010;102SUP;SUP;VITAMINA C 1000 MG MASTICABLE X 30 COMP.;CURAESPRING;dic-25;$1.438;;$0;81
8713184229885;VET13;VET;V-BRAVECTO 1M PERRO 45 MG 2-4,5 KG X 1 COMP MASTST;LAB MSD ANIMAL HEALTH;feb-26;$5.293;;$0;8
8713184148957;VET20;VET;V-BRAVECTO PERRO 1.000MG 20-40 KG X1 COMP MAST;DRAG PHARMA;mar-26;$27.026;;$0;6
7800006002861;VET2;VET;V-INVERMIC 2% GATO SOL ORAL GOTAS X 10 ML;DRAG PHARMA;ene-27;$1.008;;$0;133
7809599501553;VET44;VET;V-NEXGARD  3 TABLETAS MASTICABLE 68 MG - 10-25 KG;BOEHRINGER INGELHEIM;feb-27;$11.904;;$0;1
8713184229922;VET119;VET;VT BRAVECTO 1M PERRO 400 MG 20-40 KG X 1 COMP MAST;DRAG PHARMA;feb-26;$8.359;;$0;3
7800006000249;VET3;VET;VT INVERMIC 2% PERRO SOL ORAL GOTAS X 10 ML;DRAG PHARMA;ago-26;$995;;$0;139
7804650311140;VET8;VET;VT SIMPARICA 20 MG 5,1-10 KG X 1 COMP;ZOETIS;sept-26;$5.490;;$0;12
7800006000331;VET10;VET;VT VERMIQUANTREL 50 MG X 1 COMP;DRAG PHARMA;mar-27;$2.280;;$0;7
7804650311133;VET7;VET;VT-SIMPARICA 10 MG 2,5 - 5 KG X 1 COMP;ZOETIS;feb-27;$5.146;;$0;59
7800007153500;10G004518M04;FAR;COLCHICINA 0,5MG X40 COMP;LAB CHILE;jun-25;$1.000;;$0;2
7800068013195;000525;FAR;MELOXICAM [BE] 7,5 MG 15 COMP.;PASTEUR;jun-25;$200;;$0;131
78026711;105AD01;FAR;QUITACALLOS POMADA 5 G. ;FARMOQUIMICA DEL PACIFICO;jun-25;$1.000;;$0;15
7804620836215;153452015S01;FAR;SHAROF F 0,012% SOL OFT 15 ML;OPKO;jun-25;$900;;$0;48
7804918402108;100316210R05;FAR;TOCALM JBE INF 15MG-5ML 100ML;PRATER;jun-25;$1.000;;$0;143
7800063330075;100190610R05;FAR;TULOX 28MG-5 ML JBE INF 100 ML;MINTLAB;jun-25;$1.500;;$0;262
8713184148957;VET20;VET;V-BRAVECTO PERRO 1.000MG 20-40 KG X1 COMP MAST;DRAG PHARMA;jun-25;$15.000;;$0;6
7800038042200;100145510H02;FAR;COBEFEN JBE 120 ML;SANITAS;jul-25;$4.790;;$0;43
7861073971177;195009010A03;FAR;FLAPEX 4% GTS 15ML;ANDROMACO;jul-25;$500;;$0;350
7800063330198;100226610R05;FAR;MINTAMOX 30MG-5ML JBE 100ML;MINTLAB;jul-25;$1.629;;$0;33
7804640560572;100318423D01;FAR;NISTATINA 100.000 UI UNG 15GR;HOSPIFARMA;jul-25;$799;;$0;36
7800038000583;100509400D08;FAR;SANIGERMIN CARBON1%-AC SALICILICO0,5% PAN 100GR;SANITAS;jul-25;$830;;$0;41
7800007120410;100070218A10;FAR;GLIBENCLAMIDA 5MG X60 COMP;LAB CHILE;ago-25;$510;;$0;124
7804918500514;100203010R06;FAR;LEVORIGOTAX JBE 2,5MG-5ML 100ML;PRATER;ago-25;$4.500;;$0;113
7800038000590;000502;FAR;SANIGERMIN COBRE 0,2%  100GR;SANITAS;ago-25;$689;;$0;17
7800007142573;100D01;FAR;NISTATINA OVULOS 100.000 UI X 12;LAB CHILE;sept-25;$1.870;;$0;6
8713184148940;VET21;VET;V-BRAVECTO PERRO 1.400MG 40-56 KG X 1 COMP MAST;DRAG PHARMA;sept-25;$24.616;;$0;5
7804640561388;100449510J01;FAR;AZITROMICINA 200MG-5ML SUSP 15ML;HOSPIFARMA;oct-25;$1.600;;$0;219
7804620833580;100373310R05;FAR;AMBROXOL 30MG-5 ML JBE AD 100ML (OPKO);OPKO;oct-25;$738;;$0;216
#N/D;127002118R06;FAR;LORATADINA JBE 5MG-5ML 90ML;MILAB;oct-25;$850;;$0;63
7800007386526;100013918R01;FAR;NASTIFRIN COMP X10 COMP;LAB CHILE;oct-25;$980;;$0;49
7800060011656;100015540S02;FAR;OTICUM SOL OTO FCO 5ML;LAB SAVAL;oct-25;$6.098;;$0;29
7804673040362;101AR06;FAR;CETIRIZINA CLORHIDRATO 10MG X 30 COMP;CURASPRING (ARTURA PHARMACEUTICALS PVT LTDA);oct-25;$824;;$0;688
8713184148940;VET21;VET;V-BRAVECTO PERRO 1.400MG 40-56 KG X 1 COMP MAST;DRAG PHARMA;oct-25;$24.616;;$0;5
7800068010415;000222;FAR;BALSAMO ANALGESICO UNGUENTO 15 G. ;PRATER;nov-25;$1.328;;$0;10
7804640560428;100281023D07;FAR;CLOBETASOL 0,05% UNG 25GR;HOSPIFARMA;nov-25;$420;;$0;23
7804620833504;100353010M01;FAR;IBUPROFENO 100MG-5ML SUSP 100ML;OPKO;nov-25;$785;;$0;115
